{"archipack_material": {"category": "wall2", "material": "FINISHINGS SAMPLES"}, "archipack_wall2": {"base_line": 0, "draw_direction": "CCW", "extremes": [0.0, 1.0, 0.0, 1.0, 0.0, 1.0], "finish": [], "finish2": [{"add_grout": false, "altitude": 0.0, "bevel": true, "bevel_amount": 0.0010000000474974513, "board_length": 0.20000000298023224, "board_width": 6.0, "boards_in_group": 4, "finish_name": "Finish", "force_edges": false, "idmat": [3, 1], "length_spacing": 0.0, "length_variance": 50.0, "max_boards": 5, "mortar_depth": 0.0010000000474974513, "normalize_uvs": false, "offset": 0.0, "offset_variance": 50.0, "offset_x": 0.0, "offset_y": 0.0, "offset_z": 0.0, "pattern": "wood_cladding", "random_offset": false, "rotation": 1.5707963705062866, "short_board_length": 2.0, "solidify": true, "spacing": 0.004999999888241291, "thickness": 0.03999999910593033, "thickness_variance": 25.0, "tile_length": 0.30000001192092896, "tile_width": 0.20000000298023224, "user_defined_pattern": "", "vary_length": false, "vary_thickness": false, "vary_width": false, "width_spacing": 0.0, "width_variance": 50.0, "x_offset": 0.0, "z": 20.0}], "finish2_id": [0, 1, 0, 0], "finish_enable": true, "finish_id": [1, 0], "finish_inside_auto": false, "finish_outside_auto": false, "fit_roof": false, "idmat": [0, 1, 2, 2, 0, 0], "offset": 0.0, "snap_wall_end": true, "snap_wall_start": true, "step_angle": 0.10471975803375244, "user_defined_adaptive": false, "user_defined_angle": 0.13962633907794952, "user_defined_deviation": 0.20000000298023224, "width": 0.30000001192092896, "z": 2.700000047683716, "z_offset": 0.10000000149011612}}