{"archipack_kitchen": {"base_height": 0.07999999821186066, "base_sink": 0.05000000074505806, "baseboard": true, "cabinet_num": 17, "cabinets": [{"angle": 0.0, "base_front": 0.0, "base_left": true, "base_right": false, "base_sink": 0.0, "baseboard": true, "cab_location": "3", "counter": "1", "counter_x": 0.5, "counter_y": 0.4000000059604645, "dy": 0.0, "dz": 0.0, "idmat": [0, 1, 2, 8, 1, 7, 3, 5, 9, 10, 12, 5, 8, 10, 5, 1, 5, 9, 5, 5, 11], "idmat_override": false, "lock_p": true, "modules": [{"handle": true, "idmat": [0, 1, 2, 8, 1, 7, 3, 5, 9, 10, 12, 5, 8, 10, 5, 1, 5, 9, 5, 5, 11], "idmat_override": false, "modules": 8, "shelves": 1, "type": "1", "z": 0.7620000243186951}, {"handle": true, "idmat": [0, 1, 2, 8, 1, 7, 3, 5, 9, 10, 12, 5, 8, 10, 5, 1, 5, 9, 5, 5, 11], "idmat_override": false, "modules": 13, "shelves": 1, "type": "3", "z": 0.7620000243186951}], "n_modules": 2, "panel_left": false, "panel_left_width": 0.017999999225139618, "panel_right": false, "panel_right_width": 0.017999999225139618, "px": 0.0, "py": 0.0, "pz": 0.0, "reset_location": false, "rotate": "0", "type": "0", "uid": 0, "x": 0.6000000238418579}, {"angle": 0.0, "base_front": 0.0, "base_left": false, "base_right": false, "base_sink": 0.05000000074505806, "baseboard": true, "cab_location": "3", "counter": "1", "counter_x": 0.5, "counter_y": 0.4000000059604645, "dy": 0.0, "dz": 0.0, "idmat": [0, 1, 2, 8, 1, 7, 3, 5, 9, 10, 12, 5, 8, 10, 5, 1, 5, 9, 5, 5, 11], "idmat_override": false, "lock_p": true, "modules": [{"handle": true, "idmat": [0, 1, 2, 8, 1, 7, 3, 5, 9, 10, 12, 5, 8, 10, 5, 1, 5, 9, 5, 5, 11], "idmat_override": false, "modules": 8, "shelves": 1, "type": "1", "z": 0.7620000243186951}, {"handle": true, "idmat": [0, 1, 2, 8, 1, 7, 3, 5, 9, 10, 12, 5, 8, 10, 5, 1, 5, 9, 5, 5, 11], "idmat_override": false, "modules": 6, "shelves": 1, "type": "54", "z": 0.7620000243186951}, {"handle": true, "idmat": [0, 1, 2, 8, 1, 7, 3, 5, 9, 10, 12, 5, 8, 10, 5, 1, 5, 9, 5, 5, 11], "idmat_override": false, "modules": 6, "shelves": 1, "type": "1", "z": 0.7620000243186951}], "n_modules": 3, "panel_left": false, "panel_left_width": 0.017999999225139618, "panel_right": false, "panel_right_width": 0.017999999225139618, "px": 0.0, "py": 0.0, "pz": 0.0, "reset_location": false, "rotate": "0", "type": "0", "uid": 0, "x": 0.6000000238418579}, {"angle": 0.0, "base_front": 0.0, "base_left": false, "base_right": false, "base_sink": 0.05000000074505806, "baseboard": true, "cab_location": "3", "counter": "1", "counter_x": 0.5, "counter_y": 0.4000000059604645, "dy": 0.0, "dz": 0.0, "idmat": [0, 1, 2, 8, 1, 7, 3, 5, 9, 10, 12, 5, 8, 10, 5, 1, 5, 9, 5, 5, 11], "idmat_override": false, "lock_p": true, "modules": [{"handle": true, "idmat": [0, 1, 2, 8, 1, 7, 3, 5, 9, 10, 12, 5, 8, 10, 5, 1, 5, 9, 5, 5, 11], "idmat_override": false, "modules": 14, "shelves": 1, "type": "2", "z": 0.7620000243186951}, {"handle": true, "idmat": [0, 1, 2, 8, 1, 7, 3, 5, 9, 10, 12, 5, 8, 10, 5, 1, 5, 9, 5, 5, 11], "idmat_override": false, "modules": 6, "shelves": 1, "type": "1", "z": 0.7620000243186951}], "n_modules": 2, "panel_left": false, "panel_left_width": 0.017999999225139618, "panel_right": false, "panel_right_width": 0.017999999225139618, "px": 0.0, "py": 0.0, "pz": 0.0, "reset_location": false, "rotate": "0", "type": "0", "uid": 0, "x": 0.6000000238418579}, {"angle": 0.0, "base_front": 0.0, "base_left": false, "base_right": false, "base_sink": 0.05000000074505806, "baseboard": true, "cab_location": "1", "counter": "1", "counter_x": 0.5, "counter_y": 0.4000000059604645, "dy": 0.0, "dz": 0.0, "idmat": [0, 1, 2, 8, 1, 7, 3, 5, 9, 10, 12, 5, 8, 10, 5, 1, 5, 9, 5, 5, 11], "idmat_override": false, "lock_p": true, "modules": [{"handle": true, "idmat": [0, 1, 2, 8, 1, 7, 3, 5, 9, 10, 12, 5, 8, 10, 5, 1, 5, 9, 5, 5, 11], "idmat_override": false, "modules": 4, "shelves": 1, "type": "1", "z": 0.7620000243186951}, {"handle": true, "idmat": [0, 1, 2, 8, 1, 7, 3, 5, 9, 10, 12, 5, 8, 10, 5, 1, 5, 9, 5, 5, 11], "idmat_override": false, "modules": 6, "shelves": 1, "type": "1", "z": 0.7620000243186951}], "n_modules": 2, "panel_left": false, "panel_left_width": 0.017999999225139618, "panel_right": false, "panel_right_width": 0.017999999225139618, "px": 0.0, "py": 0.0, "pz": 0.0, "reset_location": false, "rotate": "0", "type": "0", "uid": 0, "x": 0.44999998807907104}, {"angle": 0.0, "base_front": 0.0, "base_left": false, "base_right": false, "base_sink": 0.05000000074505806, "baseboard": true, "cab_location": "1", "counter": "1", "counter_x": 0.5, "counter_y": 0.4000000059604645, "dy": 0.0, "dz": 0.0, "idmat": [0, 1, 2, 8, 1, 7, 3, 5, 9, 10, 12, 5, 8, 10, 5, 1, 5, 9, 5, 5, 11], "idmat_override": false, "lock_p": true, "modules": [{"handle": true, "idmat": [0, 1, 2, 8, 1, 7, 3, 5, 9, 10, 12, 5, 8, 10, 5, 1, 5, 9, 5, 5, 11], "idmat_override": false, "modules": 8, "shelves": 1, "type": "1", "z": 0.7620000243186951}], "n_modules": 1, "panel_left": false, "panel_left_width": 0.017999999225139618, "panel_right": false, "panel_right_width": 0.05000000074505806, "px": 0.0, "py": 0.0, "pz": 0.0, "reset_location": false, "rotate": "0", "type": "1", "uid": 0, "x": 0.949999988079071}, {"angle": 0.0, "base_front": 0.0, "base_left": false, "base_right": false, "base_sink": 0.05000000074505806, "baseboard": true, "cab_location": "1", "counter": "1", "counter_x": 0.5, "counter_y": 0.4000000059604645, "dy": 0.0, "dz": 0.0, "idmat": [0, 1, 2, 8, 1, 7, 3, 5, 9, 10, 12, 5, 8, 10, 5, 1, 5, 9, 5, 5, 11], "idmat_override": false, "lock_p": true, "modules": [{"handle": true, "idmat": [0, 1, 2, 8, 1, 7, 3, 5, 9, 10, 12, 5, 8, 10, 5, 1, 5, 9, 5, 5, 11], "idmat_override": false, "modules": 8, "shelves": 1, "type": "1", "z": 0.7620000243186951}], "n_modules": 1, "panel_left": true, "panel_left_width": 0.03200000151991844, "panel_right": false, "panel_right_width": 0.017999999225139618, "px": 0.0, "py": 0.0, "pz": 0.0, "reset_location": false, "rotate": "0", "type": "0", "uid": 0, "x": 0.6000000238418579}, {"angle": 0.0, "base_front": 0.0, "base_left": false, "base_right": false, "base_sink": 0.05000000074505806, "baseboard": true, "cab_location": "1", "counter": "11", "counter_x": 0.5, "counter_y": 0.4000000059604645, "dy": 0.0, "dz": 0.0, "idmat": [0, 1, 2, 8, 1, 7, 3, 5, 9, 10, 12, 5, 8, 10, 5, 1, 5, 9, 5, 5, 11], "idmat_override": false, "lock_p": true, "modules": [{"handle": true, "idmat": [0, 1, 2, 8, 1, 7, 3, 5, 9, 10, 12, 5, 8, 10, 5, 1, 5, 9, 5, 5, 11], "idmat_override": false, "modules": 3, "shelves": 1, "type": "1", "z": 0.7620000243186951}, {"handle": true, "idmat": [0, 1, 2, 8, 1, 7, 3, 5, 9, 10, 12, 5, 8, 10, 5, 1, 5, 9, 5, 5, 11], "idmat_override": false, "modules": 3, "shelves": 1, "type": "1", "z": 0.7620000243186951}, {"handle": true, "idmat": [0, 1, 2, 8, 1, 7, 3, 5, 9, 10, 12, 5, 8, 10, 5, 1, 5, 9, 5, 5, 11], "idmat_override": false, "modules": 6, "shelves": 1, "type": "6", "z": 0.7620000243186951}], "n_modules": 3, "panel_left": false, "panel_left_width": 0.017999999225139618, "panel_right": false, "panel_right_width": 0.017999999225139618, "px": 0.0, "py": 0.0, "pz": 0.0, "reset_location": false, "rotate": "0", "type": "0", "uid": 0, "x": 0.6000000238418579}, {"angle": 0.0, "base_front": 0.0, "base_left": false, "base_right": false, "base_sink": 0.05000000074505806, "baseboard": true, "cab_location": "1", "counter": "1", "counter_x": 0.5, "counter_y": 0.4000000059604645, "dy": 0.0, "dz": 0.0, "idmat": [0, 1, 2, 8, 1, 7, 3, 5, 9, 10, 12, 5, 8, 10, 5, 1, 5, 9, 5, 5, 11], "idmat_override": false, "lock_p": true, "modules": [{"handle": true, "idmat": [0, 1, 2, 8, 1, 7, 3, 5, 9, 10, 12, 5, 8, 10, 5, 1, 5, 9, 5, 5, 11], "idmat_override": false, "modules": 6, "shelves": 1, "type": "1", "z": 0.7620000243186951}, {"handle": true, "idmat": [0, 1, 2, 8, 1, 7, 3, 5, 9, 10, 12, 5, 8, 10, 5, 1, 5, 9, 5, 5, 11], "idmat_override": false, "modules": 6, "shelves": 1, "type": "1", "z": 0.7620000243186951}], "n_modules": 2, "panel_left": false, "panel_left_width": 0.017999999225139618, "panel_right": false, "panel_right_width": 0.017999999225139618, "px": 0.0, "py": 0.0, "pz": 0.0, "reset_location": false, "rotate": "0", "type": "0", "uid": 0, "x": 0.6000000238418579}, {"angle": 0.0, "base_front": 0.0, "base_left": false, "base_right": true, "base_sink": 0.0, "baseboard": true, "cab_location": "1", "counter": "1", "counter_x": 0.5, "counter_y": 0.4000000059604645, "dy": 0.0, "dz": 0.0, "idmat": [0, 1, 2, 8, 1, 7, 3, 5, 9, 10, 12, 5, 8, 10, 5, 1, 5, 9, 5, 5, 11], "idmat_override": false, "lock_p": true, "modules": [{"handle": true, "idmat": [0, 1, 2, 8, 1, 7, 3, 5, 9, 10, 12, 5, 8, 10, 5, 1, 5, 9, 5, 5, 11], "idmat_override": false, "modules": 3, "shelves": 1, "type": "1", "z": 0.7620000243186951}, {"handle": true, "idmat": [0, 1, 2, 8, 1, 7, 3, 5, 9, 10, 12, 5, 8, 10, 5, 1, 5, 9, 5, 5, 11], "idmat_override": false, "modules": 3, "shelves": 1, "type": "1", "z": 0.7620000243186951}, {"handle": true, "idmat": [0, 1, 2, 8, 1, 7, 3, 5, 9, 10, 12, 5, 8, 10, 5, 1, 5, 9, 5, 5, 11], "idmat_override": false, "modules": 6, "shelves": 1, "type": "1", "z": 0.7620000243186951}], "n_modules": 3, "panel_left": false, "panel_left_width": 0.017999999225139618, "panel_right": false, "panel_right_width": 0.017999999225139618, "px": 0.0, "py": 0.0, "pz": 0.0, "reset_location": false, "rotate": "0", "type": "0", "uid": 0, "x": 0.6000000238418579}, {"angle": 0.0, "base_front": 0.0, "base_left": true, "base_right": false, "base_sink": 0.0, "baseboard": true, "cab_location": "1", "counter": "1", "counter_x": 0.5, "counter_y": 0.4000000059604645, "dy": 0.0, "dz": 0.0, "idmat": [0, 1, 2, 8, 1, 7, 3, 5, 9, 10, 12, 5, 8, 10, 5, 1, 5, 9, 5, 5, 11], "idmat_override": false, "lock_p": true, "modules": [{"handle": true, "idmat": [0, 1, 2, 8, 1, 7, 3, 5, 9, 10, 12, 5, 8, 10, 5, 1, 5, 9, 5, 5, 11], "idmat_override": false, "modules": 8, "shelves": 1, "type": "1", "z": 0.7620000243186951}], "n_modules": 1, "panel_left": true, "panel_left_width": 0.05000000074505806, "panel_right": false, "panel_right_width": 0.017999999225139618, "px": -0.10000000149011612, "py": -2.4000000953674316, "pz": 0.0, "reset_location": true, "rotate": "0", "type": "0", "uid": 0, "x": 0.6000000238418579}, {"angle": 0.0, "base_front": 0.0, "base_left": false, "base_right": false, "base_sink": 0.05000000074505806, "baseboard": true, "cab_location": "1", "counter": "1", "counter_x": 0.5, "counter_y": 0.4000000059604645, "dy": 0.0, "dz": 0.0, "idmat": [0, 1, 2, 8, 1, 7, 3, 5, 9, 10, 12, 5, 8, 10, 5, 1, 5, 9, 5, 5, 11], "idmat_override": false, "lock_p": true, "modules": [{"handle": true, "idmat": [0, 1, 2, 8, 1, 7, 3, 5, 9, 10, 12, 5, 8, 10, 5, 1, 5, 9, 5, 5, 11], "idmat_override": false, "modules": 8, "shelves": 1, "type": "1", "z": 0.7620000243186951}], "n_modules": 1, "panel_left": false, "panel_left_width": 0.017999999225139618, "panel_right": false, "panel_right_width": 0.017999999225139618, "px": 0.0, "py": 0.0, "pz": 0.0, "reset_location": false, "rotate": "0", "type": "0", "uid": 0, "x": 0.6000000238418579}, {"angle": 0.0, "base_front": 0.0, "base_left": false, "base_right": true, "base_sink": 0.0, "baseboard": true, "cab_location": "1", "counter": "1", "counter_x": 0.5, "counter_y": 0.4000000059604645, "dy": 0.0, "dz": 0.0, "idmat": [0, 1, 2, 8, 1, 7, 3, 5, 9, 10, 12, 5, 8, 10, 5, 1, 5, 9, 5, 5, 11], "idmat_override": false, "lock_p": true, "modules": [{"handle": true, "idmat": [0, 1, 2, 8, 1, 7, 3, 5, 9, 10, 12, 5, 8, 10, 5, 1, 5, 9, 5, 5, 11], "idmat_override": false, "modules": 8, "shelves": 1, "type": "1", "z": 0.7620000243186951}], "n_modules": 1, "panel_left": false, "panel_left_width": 0.017999999225139618, "panel_right": true, "panel_right_width": 0.05000000074505806, "px": 0.0, "py": 0.0, "pz": 0.0, "reset_location": false, "rotate": "0", "type": "0", "uid": 0, "x": 0.6000000238418579}, {"angle": 0.0, "base_front": 0.0, "base_left": true, "base_right": false, "base_sink": 0.0, "baseboard": true, "cab_location": "1", "counter": "1", "counter_x": 0.5, "counter_y": 0.4000000059604645, "dy": 0.0, "dz": 0.0, "idmat": [0, 1, 2, 8, 1, 7, 3, 5, 9, 10, 12, 5, 8, 10, 5, 1, 5, 9, 5, 5, 11], "idmat_override": false, "lock_p": true, "modules": [{"handle": true, "idmat": [0, 1, 2, 8, 1, 7, 3, 5, 9, 10, 12, 5, 8, 10, 5, 1, 5, 9, 5, 5, 11], "idmat_override": false, "modules": 8, "shelves": 1, "type": "1", "z": 0.7620000243186951}], "n_modules": 1, "panel_left": true, "panel_left_width": 0.05000000074505806, "panel_right": false, "panel_right_width": 0.017999999225139618, "px": 0.0, "py": 0.0, "pz": 0.0, "reset_location": false, "rotate": "3", "type": "0", "uid": 0, "x": 0.8999999761581421}, {"angle": 0.0, "base_front": 0.0, "base_left": false, "base_right": true, "base_sink": 0.0, "baseboard": true, "cab_location": "1", "counter": "2", "counter_x": 0.699999988079071, "counter_y": 0.4000000059604645, "dy": 0.0, "dz": 0.0, "idmat": [0, 1, 2, 8, 1, 7, 3, 5, 9, 10, 12, 5, 8, 10, 5, 1, 5, 9, 5, 5, 11], "idmat_override": false, "lock_p": true, "modules": [{"handle": true, "idmat": [0, 1, 2, 8, 1, 7, 3, 5, 9, 10, 12, 5, 8, 10, 5, 1, 5, 9, 5, 5, 11], "idmat_override": false, "modules": 8, "shelves": 1, "type": "1", "z": 0.7620000243186951}], "n_modules": 1, "panel_left": false, "panel_left_width": 0.017999999225139618, "panel_right": true, "panel_right_width": 0.05000000074505806, "px": 0.0, "py": 0.0, "pz": 0.0, "reset_location": false, "rotate": "0", "type": "0", "uid": 0, "x": 0.8999999761581421}, {"angle": 0.0, "base_front": 0.0, "base_left": false, "base_right": false, "base_sink": 0.05000000074505806, "baseboard": true, "cab_location": "2", "counter": "2", "counter_x": 0.699999988079071, "counter_y": 0.4000000059604645, "dy": 0.0, "dz": 0.0, "idmat": [0, 1, 2, 8, 1, 7, 3, 5, 9, 10, 12, 5, 8, 10, 5, 1, 5, 9, 5, 5, 11], "idmat_override": false, "lock_p": true, "modules": [{"handle": true, "idmat": [0, 1, 2, 8, 1, 7, 3, 5, 9, 10, 12, 5, 8, 10, 5, 1, 5, 9, 5, 5, 11], "idmat_override": false, "modules": 8, "shelves": 1, "type": "1", "z": 0.7620000243186951}], "n_modules": 1, "panel_left": false, "panel_left_width": 0.017999999225139618, "panel_right": false, "panel_right_width": 0.017999999225139618, "px": 0.6499999761581421, "py": 3.200000047683716, "pz": 0.0, "reset_location": true, "rotate": "1", "type": "0", "uid": 0, "x": 0.6000000238418579}, {"angle": 0.0, "base_front": 0.0, "base_left": false, "base_right": false, "base_sink": 0.05000000074505806, "baseboard": true, "cab_location": "2", "counter": "2", "counter_x": 0.699999988079071, "counter_y": 0.4000000059604645, "dy": 0.0, "dz": 0.0, "idmat": [0, 1, 2, 8, 1, 7, 3, 5, 9, 10, 12, 5, 8, 10, 5, 1, 5, 9, 5, 5, 11], "idmat_override": false, "lock_p": true, "modules": [{"handle": true, "idmat": [0, 1, 2, 8, 1, 7, 3, 5, 9, 10, 12, 5, 8, 10, 5, 1, 5, 9, 5, 5, 11], "idmat_override": false, "modules": 8, "shelves": 1, "type": "1", "z": 0.7620000243186951}], "n_modules": 1, "panel_left": false, "panel_left_width": 0.017999999225139618, "panel_right": false, "panel_right_width": 0.017999999225139618, "px": 0.0, "py": 0.0, "pz": 0.0, "reset_location": false, "rotate": "0", "type": "0", "uid": 0, "x": 0.6000000238418579}, {"angle": 0.0, "base_front": 0.0, "base_left": false, "base_right": false, "base_sink": 0.05000000074505806, "baseboard": true, "cab_location": "2", "counter": "2", "counter_x": 0.699999988079071, "counter_y": 0.4000000059604645, "dy": 0.0, "dz": 0.0, "idmat": [0, 1, 2, 8, 1, 7, 3, 5, 9, 10, 12, 5, 8, 10, 5, 1, 5, 9, 5, 5, 11], "idmat_override": false, "lock_p": true, "modules": [{"handle": true, "idmat": [0, 1, 2, 8, 1, 7, 3, 5, 9, 10, 12, 5, 8, 10, 5, 1, 5, 9, 5, 5, 11], "idmat_override": false, "modules": 8, "shelves": 1, "type": "1", "z": 0.7620000243186951}], "n_modules": 1, "panel_left": false, "panel_left_width": 0.017999999225139618, "panel_right": false, "panel_right_width": 0.017999999225139618, "px": 0.0, "py": 0.0, "pz": 0.0, "reset_location": false, "rotate": "0", "type": "0", "uid": 0, "x": 0.6000000238418579}], "counter": true, "counter_chanfer": 0.0010000000474974513, "counter_y": 0.029999999329447746, "counter_z": 0.02500000037252903, "door_board_chanfer": 0.0010000000474974513, "door_chanfer": 0.0010000000474974513, "door_gap": 0.001999998465180397, "door_style": "11", "door_x": 0.08000000566244125, "door_y": 0.017999999225139618, "handle": "140", "handle_dx": 0.05000000074505806, "handle_dz": 0.1809999942779541, "handle_fit": false, "handle_r": 0.09999999403953552, "handle_space": 0.9300000071525574, "handle_x": 0.11999999731779099, "handle_y": 0.03099999949336052, "handle_z": 0.009999999776482582, "idmat": [0, 1, 2, 8, 1, 7, 3, 5, 9, 10, 12, 5, 8, 10, 5, 1, 5, 9, 5, 5, 11], "module_size": 0.10000000149011612, "modules_default": 8, "modules_full": 20, "modules_wall": 6, "thickness": 0.01600000075995922, "y": 0.6000000238418579, "yw": 0.3700000047683716, "z_default": 0.7620000243186951, "z_full": 2.0320000648498535, "z_mode": "1", "z_wall": 0.7620000243186951}, "archipack_material": {"category": "kitchen", "material": "DEFAULT", "name": ""}}