{"archipack_fence": {"angle_limit": 0.39269909262657166, "da": 1.5707963705062866, "handrail": false, "handrail_alt": 1.0, "handrail_extend": 0.0, "handrail_offset": 0.0, "handrail_profil": "CIRCLE", "handrail_radius": 0.029999999329447746, "handrail_slice": true, "handrail_slice_right": true, "handrail_x": 0.09999998658895493, "handrail_y": 0.03999999910593033, "idmat": [0, 2, 1, 1], "panel": true, "panel_alt": 0.0, "panel_dist": 0.0010000000474974513, "panel_offset_x": 0.0, "panel_x": 0.009999999776482582, "panel_z": 1.0, "post": false, "post_alt": 0.0, "post_rotation": 1.5707963705062866, "post_spacing": 1.5, "post_x": 0.059999994933605194, "post_y": 0.059999994933605194, "post_z": 1.0, "radius": 0.699999988079071, "rail": false, "rail_n": 2, "rails": [{"alt": 0.15000000596046448, "extend": 0.0, "idmat": [0], "offset": -0.030000008642673492, "profil": "SQUARE", "profil_x": 0.019999999552965164, "profil_y": 0.019999999552965164, "user_profile": "", "user_profile_dimension": [0.0, 0.0, 0.0], "user_profile_filename": "Handrail_1"}, {"alt": 0.8500000238418579, "extend": 0.0, "idmat": [0], "offset": 0.0, "profil": "SQUARE", "profil_x": 0.019999999552965164, "profil_y": 0.019999999552965164, "user_profile": "", "user_profile_dimension": [0.0, 0.0, 0.0], "user_profile_filename": "Handrail_1"}], "shape": "RECTANGLE", "subs": false, "subs_alt": 0.10000000149011612, "subs_bottom": "STEP", "subs_offset_x": -0.019999999552965164, "subs_rotation": 1.5707963705062866, "subs_spacing": 0.15000000596046448, "subs_x": 0.019999999552965164, "subs_y": 0.09999998658895493, "subs_z": 0.800000011920929, "use_post_material": false, "use_subs_material": false, "user_defined_post": "", "user_defined_post_enable": true, "user_defined_subs": "", "user_defined_subs_enable": true, "x_offset": 0.0}, "archipack_material": {"category": "fence", "material": "CHROME STEEL", "name": ""}}