{"archipack_material": {"category": "stair", "material": "CONCRETE"}, "archipack_stair": {"bottom_z": 0.25, "da": 3.1415927410125732, "handrail_alt": 1.0, "handrail_extend": 0.10000000149011612, "handrail_offset": 0.0, "handrail_profil": "SQUARE", "handrail_radius": 0.019999999552965164, "handrail_slice_left": true, "handrail_slice_right": true, "handrail_x": 0.03999999910593033, "handrail_y": 0.03999999910593033, "height": 3.0, "idmat": [2, 2, 2, 2, 2, 2, 3, 5, 4, 4, 3], "left_handrail": false, "left_panel": false, "left_post": false, "left_rail": false, "left_shape": "RECTANGLE", "left_string": false, "left_subs": false, "n_parts": 1, "name": "", "nose_type": "STRAIGHT", "nose_y": 0.0, "nose_z": 0.029999999329447746, "panel_alt": 0.25, "panel_dist": 0.05000000074505806, "panel_offset_x": 0.0, "panel_x": 0.009999999776482582, "panel_z": 0.6000000238418579, "parts": [{"da": 1.5707963705062866, "left_shape": "RECTANGLE", "length": 4.0, "name": "", "radius": 0.699999988079071, "right_shape": "RECTANGLE", "type": "S_STAIR", "uid": 0}], "post_alt": 0.0, "post_corners": false, "post_offset_x": 0.019999999552965164, "post_spacing": 1.0, "post_x": 0.03999999910593033, "post_y": 0.03999999910593033, "post_z": 1.0, "presets": "STAIR_USER", "radius": 1.2930002212524414, "rails": [], "right_handrail": false, "right_panel": false, "right_post": false, "right_rail": false, "right_shape": "RECTANGLE", "right_string": false, "right_subs": false, "step_depth": 0.30000001192092896, "steps_type": "CLOSED", "string_alt": -0.03999999910593033, "string_offset": 0.0, "string_x": 0.019999999552965164, "string_z": 0.30000001192092896, "subs_alt": 0.0, "subs_bottom": "STEP", "subs_offset_x": 0.0, "subs_spacing": 0.10000000149011612, "subs_x": 0.019999999552965164, "subs_y": 0.019999999552965164, "subs_z": 1.0, "total_angle": 6.2831854820251465, "user_defined_post": "", "user_defined_post_enable": true, "user_defined_subs": "", "user_defined_subs_enable": true, "user_profile": "", "user_profile_dimension": [0.0, 0.0, 0.0], "user_profile_filename": "Ceiling", "width": 1.0, "x_offset": 0.0, "z_mode": "STANDARD"}}